Comment,Designator,Footprint
ESP32-WROOM-32 (8MB),U1,FC_Local:ESP32
22uF 10V X5R,C1,FC_Local:C_0805_2012Metric
100nF,C2,FC_Local:C_0402_1005Metric
10k,R1,FC_Local:R_0402_1005Metric
1uF,C3,FC_Local:C_0603_1608Metric
10k,R2,FC_Local:R_0402_1005Metric
100k 1%,R3,FC_Local:R_0402_1005Metric
100k 1%,R4,FC_Local:R_0402_1005Metric
100nF,C4,FC_Local:C_0402_1005Metric
MPU-6500,U2,FC_Local:MPU6500
10R,R5,FC_Local:R_0402_1005Metric
100nF,C5,FC_Local:C_0402_1005Metric
10nF,C6,FC_Local:C_0402_1005Metric
100nF,C7,FC_Local:C_0402_1005Metric
1uF,C8,FC_Local:C_0402_1005Metric
10k,R6,FC_Local:R_0402_1005Metric
USB4105-GF-A,J1,FC_Local:USB_C
CH340C,U3,FC_Local:CH340C
100nF,C9,FC_Local:C_0402_1005Metric
5.1k 1%,R7,FC_Local:R_0402_1005Metric
5.1k 1%,R8,FC_Local:R_0402_1005Metric
USBLC6-2SC6,U4,FC_Local:SOT-23-6
1uF 10V,C11,FC_Local:C_0603_1608Metric
MMBT3904,Q5,FC_Local:MMBT3904
MMBT3904,Q6,FC_Local:MMBT3904
10k,R9,FC_Local:R_0402_1005Metric
10k,R10,FC_Local:R_0402_1005Metric
MTF-01P SH1.0,J2,FC_Local:JST_SH_SM04B-SRSS-TB_1x04-1MP_P1.00mm_Horizontal
I2C,J8,FC_Local:Header_1x04_P2.54mm
UART1,J9,FC_Local:Header_1x04_P2.54mm
4.7k,R23,FC_Local:R_0402_1005Metric
4.7k,R24,FC_Local:R_0402_1005Metric
BAT 1S,J3,FC_Local:Battery_Wire_Pads
SS16,D5,FC_Local:SS16
SS16,D6,FC_Local:SS16
TPS63001DRCR,U5,FC_Local:Texas_DRC0010J
2.2uH VLF4012-2R2M1R5,L1,FC_Local:L_VLF4012
10uF 10V X5R,C12,FC_Local:C_0805_2012Metric
10uF 10V X5R,C13,FC_Local:C_0805_2012Metric
100R,R11,FC_Local:R_0402_1005Metric
100nF,C15,FC_Local:C_0402_1005Metric
TPS61070DDCR,U6,FC_Local:SOT-23-6
4.7uH >=1A shielded,L2,FC_Local:L_4x4
22uF 10V X5R,C17,FC_Local:C_0805_2012Metric
1.8M 1%,R12,FC_Local:R_0402_1005Metric
200k 1%,R13,FC_Local:R_0402_1005Metric
100nF,C18,FC_Local:C_0402_1005Metric
47uF 10V X5R,C19,FC_Local:C_1206_3216Metric
AO3400,Q1,FC_Local:AO3400
SS16,D1,FC_Local:SS16
M1 + / -,J4,FC_Local:Motor_Wire_Pads
100R,R15,FC_Local:R_0402_1005Metric
100k,R16,FC_Local:R_0402_1005Metric
100nF 10V,C21,FC_Local:C_0603_1608Metric
AO3400,Q2,FC_Local:AO3400
SS16,D2,FC_Local:SS16
M2 + / -,J5,FC_Local:Motor_Wire_Pads
100R,R17,FC_Local:R_0402_1005Metric
100k,R18,FC_Local:R_0402_1005Metric
100nF 10V,C22,FC_Local:C_0603_1608Metric
AO3400,Q3,FC_Local:AO3400
SS16,D3,FC_Local:SS16
M3 + / -,J6,FC_Local:Motor_Wire_Pads
100R,R19,FC_Local:R_0402_1005Metric
100k,R20,FC_Local:R_0402_1005Metric
100nF 10V,C23,FC_Local:C_0603_1608Metric
AO3400,Q4,FC_Local:AO3400
SS16,D4,FC_Local:SS16
M4 + / -,J7,FC_Local:Motor_Wire_Pads
100R,R21,FC_Local:R_0402_1005Metric
100k,R22,FC_Local:R_0402_1005Metric
100nF 10V,C24,FC_Local:C_0603_1608Metric
