Reference,Value,Footprint,Side,Notes
U1,ESP32-WROOM-32 (8MB),FC_Local:ESP32,F,
C1,22uF 10V X5R,FC_Local:C_0805_2012Metric,F,
C2,100nF,FC_Local:C_0402_1005Metric,F,
R1,10k,FC_Local:R_0402_1005Metric,F,
C3,1uF,FC_Local:C_0603_1608Metric,F,
R2,10k,FC_Local:R_0402_1005Metric,F,
R3,100k 1%,FC_Local:R_0402_1005Metric,F,
R4,100k 1%,FC_Local:R_0402_1005Metric,F,
C4,100nF,FC_Local:C_0402_1005Metric,F,
U2,MPU-6500,FC_Local:MPU6500,F,
R5,10R,FC_Local:R_0402_1005Metric,F,
C5,100nF,FC_Local:C_0402_1005Metric,F,
C6,10nF,FC_Local:C_0402_1005Metric,F,
C7,100nF,FC_Local:C_0402_1005Metric,F,
C8,1uF,FC_Local:C_0402_1005Metric,F,
R6,10k,FC_Local:R_0402_1005Metric,F,
J1,USB4105-GF-A,FC_Local:USB_C,F,
U3,CH340C,FC_Local:CH340C,F,
C9,100nF,FC_Local:C_0402_1005Metric,F,
R7,5.1k 1%,FC_Local:R_0402_1005Metric,F,
R8,5.1k 1%,FC_Local:R_0402_1005Metric,F,
U4,USBLC6-2SC6,FC_Local:SOT-23-6,F,
C11,1uF 10V,FC_Local:C_0603_1608Metric,F,
Q5,MMBT3904,FC_Local:MMBT3904,F,
Q6,MMBT3904,FC_Local:MMBT3904,F,
R9,10k,FC_Local:R_0402_1005Metric,F,
R10,10k,FC_Local:R_0402_1005Metric,F,
J2,MTF-01P SH1.0,FC_Local:JST_SH_SM04B-SRSS-TB_1x04-1MP_P1.00mm_Horizontal,F,Pin 3 to sensor Rx; pin 4 to sensor Tx. Verify cable orientation.
J8,I2C,FC_Local:Header_1x04_P2.54mm,F,
J9,UART1,FC_Local:Header_1x04_P2.54mm,F,
R23,4.7k,FC_Local:R_0402_1005Metric,F,
R24,4.7k,FC_Local:R_0402_1005Metric,F,
J3,BAT 1S,FC_Local:Battery_Wire_Pads,F,
D5,SS16,FC_Local:SS16,F,
D6,SS16,FC_Local:SS16,F,
U5,TPS63001DRCR,FC_Local:Texas_DRC0010J,F,
L1,2.2uH VLF4012-2R2M1R5,FC_Local:L_VLF4012,F,
C12,10uF 10V X5R,FC_Local:C_0805_2012Metric,F,
C13,10uF 10V X5R,FC_Local:C_0805_2012Metric,F,
R11,100R,FC_Local:R_0402_1005Metric,F,
C15,100nF,FC_Local:C_0402_1005Metric,F,
U6,TPS61070DDCR,FC_Local:SOT-23-6,F,
L2,4.7uH >=1A shielded,FC_Local:L_4x4,F,4x4 land; choose matching inductor before ordering
C17,22uF 10V X5R,FC_Local:C_0805_2012Metric,F,
R12,1.8M 1%,FC_Local:R_0402_1005Metric,F,
R13,200k 1%,FC_Local:R_0402_1005Metric,F,
C18,100nF,FC_Local:C_0402_1005Metric,F,
C19,47uF 10V X5R,FC_Local:C_1206_3216Metric,F,
Q1,AO3400,FC_Local:AO3400,F,
D1,SS16,FC_Local:SS16,F,
J4,M1 + / -,FC_Local:Motor_Wire_Pads,F,
R15,100R,FC_Local:R_0402_1005Metric,F,
R16,100k,FC_Local:R_0402_1005Metric,F,
C21,100nF 10V,FC_Local:C_0603_1608Metric,F,
Q2,AO3400,FC_Local:AO3400,F,
D2,SS16,FC_Local:SS16,F,
J5,M2 + / -,FC_Local:Motor_Wire_Pads,F,
R17,100R,FC_Local:R_0402_1005Metric,F,
R18,100k,FC_Local:R_0402_1005Metric,F,
C22,100nF 10V,FC_Local:C_0603_1608Metric,F,
Q3,AO3400,FC_Local:AO3400,F,
D3,SS16,FC_Local:SS16,F,
J6,M3 + / -,FC_Local:Motor_Wire_Pads,F,
R19,100R,FC_Local:R_0402_1005Metric,F,
R20,100k,FC_Local:R_0402_1005Metric,F,
C23,100nF 10V,FC_Local:C_0603_1608Metric,F,
Q4,AO3400,FC_Local:AO3400,F,
D4,SS16,FC_Local:SS16,F,
J7,M4 + / -,FC_Local:Motor_Wire_Pads,F,
R21,100R,FC_Local:R_0402_1005Metric,F,
R22,100k,FC_Local:R_0402_1005Metric,F,
C24,100nF 10V,FC_Local:C_0603_1608Metric,F,
