Ref,Val,Package,PosX,PosY,Rot,Side
"C9","100nF","C_0402_1005Metric",104.700000,-94.500000,180.000000,bottom
"C10","100nF","C_0402_1005Metric",104.700000,-96.000000,180.000000,bottom
"C11","1uF 10V","C_0603_1608Metric",105.400000,-111.000000,180.000000,bottom
"C12","10uF 10V X5R","C_0805_2012Metric",108.000000,-94.000000,180.000000,bottom
"C13","10uF 10V X5R","C_0805_2012Metric",106.000000,-87.200000,180.000000,bottom
"C14","10uF 10V X5R","C_0805_2012Metric",102.500000,-85.500000,180.000000,bottom
"C15","100nF","C_0402_1005Metric",104.800000,-91.500000,180.000000,bottom
"C16","10uF 10V X5R","C_0805_2012Metric",92.000000,-86.600000,180.000000,bottom
"C17","22uF 10V X5R","C_0805_2012Metric",92.000000,-94.000000,180.000000,bottom
"C20","47uF 10V X5R","C_1206_3216Metric",110.200000,-116.700000,180.000000,bottom
"C21","100nF 10V","C_0603_1608Metric",81.500000,-85.900000,135.000000,bottom
"C22","100nF 10V","C_0603_1608Metric",109.500000,-85.900000,45.000000,bottom
"C23","100nF 10V","C_0603_1608Metric",115.000000,-110.100000,-45.000000,bottom
"C24","100nF 10V","C_0603_1608Metric",87.000000,-118.100000,-135.000000,bottom
"D1","SS16","SS16",85.700000,-84.200000,135.000000,bottom
"D2","SS16","SS16",114.800000,-84.700000,45.000000,bottom
"D3","SS16","SS16",114.800000,-115.300000,-45.000000,bottom
"D4","SS16","SS16",84.700000,-114.800000,-135.000000,bottom
"D6","SS16","SS16",92.000000,-114.500000,90.000000,bottom
"L1","2.2uH VLF4012-2R2M1R5","L_VLF4012",112.700000,-90.500000,90.000000,bottom
"L2","4.7uH >=1A shielded","L_4x4",87.500000,-90.500000,90.000000,bottom
"Q5","MMBT3904","MMBT3904",111.800000,-98.000000,180.000000,bottom
"Q6","MMBT3904","MMBT3904",111.800000,-102.200000,180.000000,bottom
"R7","5.1k 1%","R_0402_1005Metric",97.300000,-114.500000,180.000000,bottom
"R8","5.1k 1%","R_0402_1005Metric",102.800000,-114.500000,180.000000,bottom
"R9","10k","R_0402_1005Metric",108.400000,-98.000000,90.000000,bottom
"R10","10k","R_0402_1005Metric",108.400000,-102.200000,90.000000,bottom
"R11","100R","R_0402_1005Metric",104.800000,-93.100000,180.000000,bottom
"R12","1.8M 1%","R_0402_1005Metric",95.200000,-92.200000,180.000000,bottom
"R13","200k 1%","R_0402_1005Metric",95.200000,-90.700000,180.000000,bottom
"SW1","RESET","BUTTON",89.500000,-100.000000,180.000000,bottom
"SW2","BOOT","BUTTON",89.500000,-107.500000,180.000000,bottom
"U3","CH340C","CH340C",100.000000,-97.000000,180.000000,bottom
"U4","USBLC6-2SC6","SOT-23-6",100.000000,-111.800000,180.000000,bottom
"U5","TPS63001DRCR","Texas_DRC0010J",108.000000,-90.500000,180.000000,bottom
"U6","TPS61070DDCR","SOT-23-6",92.000000,-90.500000,0.000000,bottom
"C1","22uF 10V X5R","C_0805_2012Metric",88.000000,-92.200000,0.000000,top
"C2","100nF","C_0402_1005Metric",88.700000,-83.900000,0.000000,top
"C3","1uF","C_0603_1608Metric",88.300000,-94.500000,0.000000,top
"C4","100nF","C_0402_1005Metric",88.400000,-98.200000,0.000000,top
"C5","100nF","C_0402_1005Metric",103.300000,-107.200000,0.000000,top
"C6","10nF","C_0402_1005Metric",96.700000,-106.000000,0.000000,top
"C7","100nF","C_0402_1005Metric",96.700000,-107.400000,0.000000,top
"C8","1uF","C_0402_1005Metric",102.000000,-109.800000,0.000000,top
"C18","100nF","C_0402_1005Metric",107.500000,-106.800000,0.000000,top
"C19","47uF 10V X5R","C_1206_3216Metric",105.700000,-109.200000,0.000000,top
"D5","SS16","SS16",92.000000,-112.000000,90.000000,top
"J1","USB4105-GF-A","USB_C",100.000000,-116.000000,0.000000,top
"J2","MTF-01P SH1.0","JST_SH_SM04B-SRSS-TB_1x04-1MP_P1.00mm_Horizontal",112.500000,-107.300000,0.000000,top
"J3","BAT 1S","Battery_Wire_Pads",110.000000,-112.200000,0.000000,top
"J4","M1 + / -","Motor_Wire_Pads",84.500000,-84.500000,135.000000,top
"J5","M2 + / -","Motor_Wire_Pads",115.500000,-84.500000,45.000000,top
"J6","M3 + / -","Motor_Wire_Pads",115.500000,-115.500000,-45.000000,top
"J7","M4 + / -","Motor_Wire_Pads",84.500000,-115.500000,-135.000000,top
"J8","I2C","Header_1x04_P2.54mm",115.500000,-98.000000,90.000000,top
"J9","UART1","Header_1x04_P2.54mm",84.500000,-98.000000,90.000000,top
"Q1","AO3400","AO3400",87.500000,-88.500000,45.000000,top
"Q2","AO3400","AO3400",112.500000,-88.500000,-45.000000,top
"Q3","AO3400","AO3400",111.500000,-116.500000,-135.000000,top
"Q4","AO3400","AO3400",88.000000,-112.000000,135.000000,top
"R1","10k","R_0402_1005Metric",84.800000,-91.000000,0.000000,top
"R2","10k","R_0402_1005Metric",112.000000,-102.000000,0.000000,top
"R3","100k 1%","R_0402_1005Metric",88.400000,-97.100000,0.000000,top
"R4","100k 1%","R_0402_1005Metric",88.400000,-95.900000,0.000000,top
"R5","10R","R_0402_1005Metric",103.300000,-105.700000,0.000000,top
"R6","10k","R_0402_1005Metric",105.500000,-104.800000,0.000000,top
"R15","100R","R_0402_1005Metric",84.500000,-89.100000,135.000000,top
"R16","100k","R_0402_1005Metric",88.500000,-85.600000,135.000000,top
"R17","100R","R_0402_1005Metric",115.500000,-89.100000,45.000000,top
"R18","100k","R_0402_1005Metric",111.500000,-85.600000,45.000000,top
"R19","100R","R_0402_1005Metric",116.000000,-111.900000,-45.000000,top
"R20","100k","R_0402_1005Metric",108.000000,-114.900000,-45.000000,top
"R21","100R","R_0402_1005Metric",85.000000,-110.900000,-135.000000,top
"R22","100k","R_0402_1005Metric",88.500000,-114.900000,-135.000000,top
"R23","4.7k","R_0402_1005Metric",115.500000,-92.000000,0.000000,top
"R24","4.7k","R_0402_1005Metric",113.500000,-94.000000,0.000000,top
"U1","ESP32-WROOM-32 (8MB)","ESP32",100.000000,-90.500000,0.000000,top
"U2","MPU-6500","MPU6500",100.000000,-107.000000,0.000000,top
